{"cameraMode":{"drawMode":0,"name":"Shaded","section":"Shading Mode"},"sceneLighting":false,"audioPlay":false,"sceneViewState":{"showFog":true,"showMaterialUpdate":false,"showSkybox":false,"showFlares":true,"showImageEffects":true,"showParticleSystems":true},"in2DMode":false,"pivot":{"x":0.030000001192092897,"y":12.079999923706055,"z":15.029999732971192},"rotation":{"x":-0.129354327917099,"y":0.8296328783035278,"z":-0.21521005034446717,"w":-0.49865975975990298},"size":2.3334531784057619,"orthographic":false}