{"cameraMode":{"drawMode":0,"name":"Shaded","section":"Shading Mode"},"sceneLighting":true,"audioPlay":false,"sceneViewState":{"showFog":true,"showMaterialUpdate":false,"showSkybox":true,"showFlares":true,"showImageEffects":true,"showParticleSystems":true},"in2DMode":false,"pivot":{"x":1.5830739736557007,"y":-0.5786165595054627,"z":0.07573318481445313},"rotation":{"x":-0.0806477814912796,"y":0.11874590814113617,"z":-0.009642128832638264,"w":-0.9896348714828491},"size":5.858860492706299,"orthographic":false}