{"cameraMode":{"drawMode":0,"name":"Shaded","section":"Shading Mode"},"sceneLighting":false,"audioPlay":false,"sceneViewState":{"showFog":false,"showMaterialUpdate":false,"showSkybox":false,"showFlares":false,"showImageEffects":false,"showParticleSystems":false},"in2DMode":false,"pivot":{"x":0.0,"y":2.680000066757202,"z":0.05000000074505806},"rotation":{"x":-0.2351323366165161,"y":-0.42064517736434939,"z":0.11384391784667969,"w":-0.868798017501831},"size":0.16500000655651093,"orthographic":false}