{"cameraMode":{"drawMode":0,"name":"Shaded","section":"Shading Mode"},"sceneLighting":true,"audioPlay":false,"sceneViewState":{"showFog":false,"showMaterialUpdate":false,"showSkybox":false,"showFlares":false,"showImageEffects":false,"showParticleSystems":false},"in2DMode":false,"pivot":{"x":-24.92082977294922,"y":-68.9158706665039,"z":16.130517959594728},"rotation":{"x":-0.6002379059791565,"y":-0.004321605898439884,"z":0.0032432384323328735,"w":-0.7998033165931702},"size":160.39219665527345,"orthographic":false}