{"cameraMode":{"drawMode":0,"name":"Shaded","section":"Shading Mode"},"sceneLighting":false,"audioPlay":false,"sceneViewState":{"showFog":false,"showMaterialUpdate":false,"showSkybox":false,"showFlares":false,"showImageEffects":false,"showParticleSystems":false},"in2DMode":false,"pivot":{"x":0.05000000074505806,"y":-0.11999999731779099,"z":0.5899999737739563},"rotation":{"x":-0.09574070572853089,"y":-0.09332641214132309,"z":0.009017907083034516,"w":-0.9909806847572327},"size":0.8332091569900513,"orthographic":false}